DROP DATABASE IF EXISTS mcs287_db;
CREATE DATABASE mcs287_db;
USE mcs287_db;
CREATE TABLE t1(col1 INT, col2 FLOAT, col3 DOUBLE, col4 TIME, col5 VARCHAR(20), col6 TIMESTAMP, col7 DATE) ENGINE=Columnstore;
SELECT * FROM t1;
col1	col2	col3	col4	col5	col6	col7
0	1.5	2.5	00:00:00	hhhh	0000-00-00 00:00:00	1970-01-01
NULL	2.5	3.5	01:00:05	NULL	1970-01-01 08:00:09	1970-01-11
NULL	NULL	4.5	02:00:10	hhhh	1970-01-01 08:00:19	1970-01-21
NULL	4.5	NULL	03:00:15	hhhh	1970-01-01 08:00:28	1970-01-31
4	5.5	6.5	04:00:20	hhhh	1970-01-01 08:00:38	1970-02-10
5	6.5	7.5	05:00:25	hhhh	1970-01-01 08:00:47	1970-02-20
6	7.5	8.5	06:00:30	hhhh	1970-01-01 08:00:57	1970-03-02
7	8.5	9.5	07:00:35	hhhh	1970-01-01 08:01:06	1970-03-12
8	9.5	10.5	08:00:40	hhhh	1970-01-01 08:01:16	1970-03-22
9	10.5	11.5	09:00:45	hhhh	1970-01-01 08:01:25	1970-04-01
10	11.5	12.5	10:00:50	hhhh	1970-01-01 08:01:35	1970-04-11
11	12.5	13.5	11:00:55	hhhh	1970-01-01 08:01:44	1970-04-21
12	13.5	14.5	12:01:00	hhhh	1970-01-01 08:01:54	1970-05-01
13	14.5	15.5	13:01:05	hhhh	1970-01-01 08:02:03	1970-05-11
14	15.5	16.5	14:01:10	hhhh	1970-01-01 08:02:13	1970-05-21
15	16.5	17.5	15:01:15	hhhh	1970-01-01 08:02:23	1970-05-31
16	17.5	18.5	16:01:20	hhhh	1970-01-01 08:02:32	1970-06-10
17	18.5	19.5	17:01:25	hhhh	1970-01-01 08:02:42	1970-06-20
18	19.5	20.5	18:01:30	hhhh	1970-01-01 08:02:51	1970-06-30
19	20.5	21.5	19:01:35	hhhh	1970-01-01 08:03:01	1970-07-10
20	21.5	22.5	20:01:40	hhhh	1970-01-01 08:03:10	1970-07-20
21	22.5	23.5	21:01:45	hhhh	1970-01-01 08:03:20	1970-07-30
22	23.5	24.5	22:01:50	hhhh	1970-01-01 08:03:29	1970-08-09
23	24.5	25.5	23:01:55	hhhh	1970-01-01 08:03:39	1970-08-19
24	25.5	26.5	24:02:00	hhhh	1970-01-01 08:03:48	1970-08-29
25	26.5	27.5	25:02:05	hhhh	1970-01-01 08:03:58	1970-09-08
26	27.5	28.5	26:02:10	hhhh	1970-01-01 08:04:07	1970-09-18
27	28.5	29.5	27:02:15	hhhh	1970-01-01 08:04:17	1970-09-28
28	29.5	30.5	28:02:20	hhhh	1970-01-01 08:04:27	1970-10-08
29	30.5	31.5	29:02:25	hhhh	1970-01-01 08:04:36	1970-10-18
SELECT COUNT(*) FROM t1;
COUNT(*)
30
TRUNCATE t1;
DROP DATABASE mcs287_db;
