DROP DATABASE IF EXISTS mcs287_db;
CREATE DATABASE mcs287_db;
USE mcs287_db;
CREATE TABLE t1(col1 INT) ENGINE=Columnstore;
CREATE TABLE t2(col1 FLOAT) ENGINE=Columnstore;
CREATE TABLE t3(col1 DOUBLE) ENGINE=Columnstore;
CREATE TABLE t4(col1 TIME) ENGINE=Columnstore;
CREATE TABLE t5(col1 VARCHAR(2)) ENGINE=Columnstore;
CREATE TABLE t6(col1 VARCHAR(5)) ENGINE=Columnstore;
CREATE TABLE t7(col1 VARCHAR(20)) ENGINE=Columnstore;
CREATE TABLE t8(col1 CHAR(2)) ENGINE=Columnstore;
CREATE TABLE t9(col1 CHAR(5)) ENGINE=Columnstore;
CREATE TABLE t10(col1 CHAR(20)) ENGINE=Columnstore;
CREATE TABLE t11(col1 TIMESTAMP) ENGINE=Columnstore;
CREATE TABLE t12(col1 DATE) ENGINE=Columnstore;
CREATE TABLE t13(col1 DATETIME) ENGINE=Columnstore;
CREATE TABLE t14(col1 SMALLINT) ENGINE=Columnstore;
CREATE TABLE t15(col1 DECIMAL(9,3)) ENGINE=Columnstore;
CREATE TABLE t16(col1 BOOLEAN) ENGINE=Columnstore;
CREATE TABLE t17(col1 BIGINT) ENGINE=Columnstore;
CREATE TABLE t18(col1 INT UNSIGNED) ENGINE=Columnstore;
CREATE TABLE t19(col1 SMALLINT UNSIGNED) ENGINE=Columnstore;
CREATE TABLE t20(col1 TINYINT UNSIGNED) ENGINE=Columnstore;
CREATE TABLE t21(col1 BIGINT UNSIGNED) ENGINE=Columnstore;
CREATE TABLE t22(col1 TINYINT) ENGINE=Columnstore;
SELECT * FROM t1;
col1
0
NULL
NULL
NULL
4
5
6
7
8
9
10
11
12
13
14
15
16
17
18
19
20
21
22
23
24
25
26
27
28
-2147483646
NULL
NULL
NULL
NULL
NULL
NULL
NULL
NULL
NULL
NULL
NULL
NULL
NULL
NULL
NULL
NULL
NULL
NULL
NULL
NULL
NULL
NULL
NULL
NULL
NULL
NULL
NULL
NULL
NULL
NULL
SELECT COUNT(*) FROM t1;
COUNT(*)
60
TRUNCATE t1;
SELECT * FROM t2;
col1
1.5
2.5
NULL
4.5
5.5
6.5
7.5
8.5
9.5
10.5
11.5
12.5
13.5
14.5
15.5
16.5
17.5
18.5
19.5
20.5
21.5
22.5
23.5
24.5
25.5
26.5
27.5
28.5
29.5
30.5
NULL
NULL
NULL
NULL
NULL
NULL
NULL
NULL
NULL
NULL
NULL
NULL
NULL
NULL
NULL
NULL
NULL
NULL
NULL
NULL
NULL
NULL
NULL
NULL
NULL
NULL
NULL
NULL
NULL
NULL
SELECT COUNT(*) FROM t2;
COUNT(*)
60
TRUNCATE t2;
SELECT * FROM t3;
col1
2.5
3.5
4.5
NULL
6.5
7.5
8.5
9.5
10.5
11.5
12.5
13.5
14.5
15.5
16.5
17.5
18.5
19.5
20.5
21.5
22.5
23.5
24.5
25.5
26.5
27.5
28.5
29.5
30.5
31.5
NULL
NULL
NULL
NULL
NULL
NULL
NULL
NULL
NULL
NULL
NULL
NULL
NULL
NULL
NULL
NULL
NULL
NULL
NULL
NULL
NULL
NULL
NULL
NULL
NULL
NULL
NULL
NULL
NULL
NULL
SELECT COUNT(*) FROM t3;
COUNT(*)
60
TRUNCATE t3;
SELECT * FROM t4;
col1
00:00:00
01:00:05
02:00:10
03:00:15
04:00:20
05:00:25
06:00:30
07:00:35
08:00:40
09:00:45
10:00:50
11:00:55
12:01:00
13:01:05
14:01:10
15:01:15
16:01:20
17:01:25
18:01:30
19:01:35
20:01:40
21:01:45
22:01:50
23:01:55
24:02:00
25:02:05
26:02:10
27:02:15
28:02:20
29:02:25
NULL
NULL
NULL
NULL
NULL
NULL
NULL
NULL
NULL
NULL
NULL
NULL
NULL
NULL
NULL
NULL
NULL
NULL
NULL
NULL
NULL
NULL
NULL
NULL
NULL
NULL
NULL
NULL
NULL
NULL
SELECT COUNT(*) FROM t4;
COUNT(*)
60
TRUNCATE t4;
SELECT * FROM t5;
col1
hh
NULL
hh
hh
hh
hh
hh
hh
hh
hh
hh
hh
hh
hh
hh
hh
hh
hh
hh
hh
hh
hh
hh
hh
hh
hh
hh
hh
hh
hh
NULL
NULL
NULL
NULL
NULL
NULL
NULL
NULL
NULL
NULL
NULL
NULL
NULL
NULL
NULL
NULL
NULL
NULL
NULL
NULL
NULL
NULL
NULL
NULL
NULL
NULL
NULL
NULL
NULL
NULL
SELECT COUNT(*) FROM t5;
COUNT(*)
60
TRUNCATE t5;
SELECT * FROM t6;
col1
hhhh
NULL
hhhh
hhhh
hhhh
hhhh
hhhh
hhhh
hhhh
hhhh
hhhh
hhhh
hhhh
hhhh
hhhh
hhhh
hhhh
hhhh
hhhh
hhhh
hhhh
hhhh
hhhh
hhhh
hhhh
hhhh
hhhh
hhhh
hhhh
hhhh
NULL
NULL
NULL
NULL
NULL
NULL
NULL
NULL
NULL
NULL
NULL
NULL
NULL
NULL
NULL
NULL
NULL
NULL
NULL
NULL
NULL
NULL
NULL
NULL
NULL
NULL
NULL
NULL
NULL
NULL
SELECT COUNT(*) FROM t6;
COUNT(*)
60
TRUNCATE t6;
SELECT * FROM t7;
col1
hhhh
NULL
hhhh
hhhh
hhhh
hhhh
hhhh
hhhh
hhhh
hhhh
hhhh
hhhh
hhhh
hhhh
hhhh
hhhh
hhhh
hhhh
hhhh
hhhh
hhhh
hhhh
hhhh
hhhh
hhhh
hhhh
hhhh
hhhh
hhhh
hhhh
SELECT COUNT(*) FROM t7;
COUNT(*)
30
TRUNCATE t7;
SELECT * FROM t8;
col1
hh
NULL
hh
hh
hh
hh
hh
hh
hh
hh
hh
hh
hh
hh
hh
hh
hh
hh
hh
hh
hh
hh
hh
hh
hh
hh
hh
hh
hh
hh
NULL
NULL
NULL
NULL
NULL
NULL
NULL
NULL
NULL
NULL
NULL
NULL
NULL
NULL
NULL
NULL
NULL
NULL
NULL
NULL
NULL
NULL
NULL
NULL
NULL
NULL
NULL
NULL
NULL
NULL
SELECT COUNT(*) FROM t8;
COUNT(*)
60
TRUNCATE t8;
SELECT * FROM t9;
col1
hhhh
NULL
hhhh
hhhh
hhhh
hhhh
hhhh
hhhh
hhhh
hhhh
hhhh
hhhh
hhhh
hhhh
hhhh
hhhh
hhhh
hhhh
hhhh
hhhh
hhhh
hhhh
hhhh
hhhh
hhhh
hhhh
hhhh
hhhh
hhhh
hhhh
NULL
NULL
NULL
NULL
NULL
NULL
NULL
NULL
NULL
NULL
NULL
NULL
NULL
NULL
NULL
NULL
NULL
NULL
NULL
NULL
NULL
NULL
NULL
NULL
NULL
NULL
NULL
NULL
NULL
NULL
SELECT COUNT(*) FROM t9;
COUNT(*)
60
TRUNCATE t9;
SELECT * FROM t10;
col1
hhhh
NULL
hhhh
hhhh
hhhh
hhhh
hhhh
hhhh
hhhh
hhhh
hhhh
hhhh
hhhh
hhhh
hhhh
hhhh
hhhh
hhhh
hhhh
hhhh
hhhh
hhhh
hhhh
hhhh
hhhh
hhhh
hhhh
hhhh
hhhh
hhhh
SELECT COUNT(*) FROM t10;
COUNT(*)
30
TRUNCATE t10;
SELECT * FROM t11;
col1
0000-00-00 00:00:00
1970-01-01 08:00:09
1970-01-01 08:00:19
1970-01-01 08:00:28
1970-01-01 08:00:38
1970-01-01 08:00:47
1970-01-01 08:00:57
1970-01-01 08:01:06
1970-01-01 08:01:16
1970-01-01 08:01:25
1970-01-01 08:01:35
1970-01-01 08:01:44
1970-01-01 08:01:54
1970-01-01 08:02:03
1970-01-01 08:02:13
1970-01-01 08:02:23
1970-01-01 08:02:32
1970-01-01 08:02:42
1970-01-01 08:02:51
1970-01-01 08:03:01
1970-01-01 08:03:10
1970-01-01 08:03:20
1970-01-01 08:03:29
1970-01-01 08:03:39
1970-01-01 08:03:48
1970-01-01 08:03:58
1970-01-01 08:04:07
1970-01-01 08:04:17
1970-01-01 08:04:27
1970-01-01 08:04:36
2023-07-25 15:48:17
2023-07-25 15:48:17
2023-07-25 15:48:17
2023-07-25 15:48:17
2023-07-25 15:48:17
2023-07-25 15:48:17
2023-07-25 15:48:17
2023-07-25 15:48:17
2023-07-25 15:48:17
2023-07-25 15:48:17
2023-07-25 15:48:17
2023-07-25 15:48:17
2023-07-25 15:48:17
2023-07-25 15:48:17
2023-07-25 15:48:17
2023-07-25 15:48:17
2023-07-25 15:48:17
2023-07-25 15:48:17
2023-07-25 15:48:17
2023-07-25 15:48:17
2023-07-25 15:48:17
2023-07-25 15:48:17
2023-07-25 15:48:17
2023-07-25 15:48:17
2023-07-25 15:48:17
2023-07-25 15:48:17
2023-07-25 15:48:17
2023-07-25 15:48:17
2023-07-25 15:48:17
2023-07-25 15:48:17
SELECT COUNT(*) FROM t11;
COUNT(*)
60
TRUNCATE t11;
SELECT * FROM t12;
col1
1970-01-01
1970-01-11
1970-01-21
1970-01-31
1970-02-10
1970-02-20
1970-03-02
1970-03-12
1970-03-22
1970-04-01
1970-04-11
1970-04-21
1970-05-01
1970-05-11
1970-05-21
1970-05-31
1970-06-10
1970-06-20
1970-06-30
1970-07-10
1970-07-20
1970-07-30
1970-08-09
1970-08-19
1970-08-29
1970-09-08
1970-09-18
1970-09-28
1970-10-08
1970-10-18
NULL
NULL
NULL
NULL
NULL
NULL
NULL
NULL
NULL
NULL
NULL
NULL
NULL
NULL
NULL
NULL
NULL
NULL
NULL
NULL
NULL
NULL
NULL
NULL
NULL
NULL
NULL
NULL
NULL
NULL
SELECT COUNT(*) FROM t12;
COUNT(*)
60
TRUNCATE t12;
SELECT * FROM t13;
col1
1970-01-01 08:00:00
1970-01-01 10:46:40
1970-01-01 13:33:20
1970-01-01 16:20:00
1970-01-01 19:06:40
1970-01-01 21:53:20
1970-01-02 00:40:00
1970-01-02 03:26:40
1970-01-02 06:13:20
1970-01-02 09:00:00
1970-01-02 11:46:40
1970-01-02 14:33:20
1970-01-02 17:20:00
1970-01-02 20:06:40
1970-01-02 22:53:20
1970-01-03 01:40:00
1970-01-03 04:26:40
1970-01-03 07:13:20
1970-01-03 10:00:00
1970-01-03 12:46:40
1970-01-03 15:33:20
1970-01-03 18:20:00
1970-01-03 21:06:40
1970-01-03 23:53:20
1970-01-04 02:40:00
1970-01-04 05:26:40
1970-01-04 08:13:20
1970-01-04 11:00:00
1970-01-04 13:46:40
1970-01-04 16:33:20
NULL
NULL
NULL
NULL
NULL
NULL
NULL
NULL
NULL
NULL
NULL
NULL
NULL
NULL
NULL
NULL
NULL
NULL
NULL
NULL
NULL
NULL
NULL
NULL
NULL
NULL
NULL
NULL
NULL
NULL
SELECT COUNT(*) FROM t13;
COUNT(*)
60
TRUNCATE t13;
SELECT * FROM t14;
col1
0
1
2
3
4
5
6
7
8
9
10
11
12
13
14
15
16
17
18
19
20
21
22
23
24
25
26
27
28
29
NULL
NULL
NULL
NULL
NULL
NULL
NULL
NULL
NULL
NULL
NULL
NULL
NULL
NULL
NULL
NULL
NULL
NULL
NULL
NULL
NULL
NULL
NULL
NULL
NULL
NULL
NULL
NULL
NULL
NULL
SELECT COUNT(*) FROM t14;
COUNT(*)
60
TRUNCATE t14;
SELECT * FROM t15;
col1
1383.433
532235.234
NULL
5325.234
SELECT COUNT(*) FROM t15;
COUNT(*)
4
TRUNCATE t15;
SELECT * FROM t16;
col1
1
1
1
1
1
0
1
1
1
1
1
1
1
1
1
1
1
1
1
1
1
1
1
1
1
1
1
1
1
1
NULL
NULL
NULL
NULL
NULL
NULL
NULL
NULL
NULL
NULL
NULL
NULL
NULL
NULL
NULL
NULL
NULL
NULL
NULL
NULL
NULL
NULL
NULL
NULL
NULL
NULL
NULL
NULL
NULL
NULL
SELECT COUNT(*) FROM t16;
COUNT(*)
60
TRUNCATE t16;
SELECT * FROM t17;
col1
0
NULL
NULL
NULL
4
5
6
7
8
9
10
11
12
13
14
15
16
17
18
19
20
21
22
23
24
25
26
27
28
2147483648
NULL
NULL
NULL
NULL
NULL
NULL
NULL
NULL
NULL
NULL
NULL
NULL
NULL
NULL
NULL
NULL
NULL
NULL
NULL
NULL
NULL
NULL
NULL
NULL
NULL
NULL
NULL
NULL
NULL
NULL
SELECT COUNT(*) FROM t17;
COUNT(*)
60
TRUNCATE t17;
SELECT * FROM t18;
col1
0
NULL
NULL
NULL
4
5
6
7
8
9
10
11
12
13
14
15
16
17
18
19
20
21
22
23
24
25
26
27
28
2147483648
NULL
NULL
NULL
NULL
NULL
NULL
NULL
NULL
NULL
NULL
NULL
NULL
NULL
NULL
NULL
NULL
NULL
NULL
NULL
NULL
NULL
NULL
NULL
NULL
NULL
NULL
NULL
NULL
NULL
NULL
SELECT COUNT(*) FROM t18;
COUNT(*)
60
TRUNCATE t18;
SELECT * FROM t19;
col1
0
1
2
3
4
5
6
7
8
9
10
11
12
13
14
15
16
17
18
19
20
21
22
23
24
25
26
27
28
29
NULL
NULL
NULL
NULL
NULL
NULL
NULL
NULL
NULL
NULL
NULL
NULL
NULL
NULL
NULL
NULL
NULL
NULL
NULL
NULL
NULL
NULL
NULL
NULL
NULL
NULL
NULL
NULL
NULL
NULL
SELECT COUNT(*) FROM t19;
COUNT(*)
60
TRUNCATE t19;
SELECT * FROM t20;
col1
0
1
2
3
4
5
6
7
8
9
10
11
12
13
14
15
16
17
18
19
20
21
22
23
24
25
26
27
28
29
NULL
NULL
NULL
NULL
NULL
NULL
NULL
NULL
NULL
NULL
NULL
NULL
NULL
NULL
NULL
NULL
NULL
NULL
NULL
NULL
NULL
NULL
NULL
NULL
NULL
NULL
NULL
NULL
NULL
NULL
SELECT COUNT(*) FROM t20;
COUNT(*)
60
TRUNCATE t20;
SELECT * FROM t21;
col1
0
NULL
NULL
NULL
4
5
6
7
8
9
10
11
12
13
14
15
16
17
18
19
20
21
22
23
24
25
26
27
28
2147483648
NULL
NULL
NULL
NULL
NULL
NULL
NULL
NULL
NULL
NULL
NULL
NULL
NULL
NULL
NULL
NULL
NULL
NULL
NULL
NULL
NULL
NULL
NULL
NULL
NULL
NULL
NULL
NULL
NULL
NULL
SELECT COUNT(*) FROM t21;
COUNT(*)
60
TRUNCATE t21;
SELECT * FROM t22;
col1
0
1
2
3
4
5
6
7
8
9
10
11
12
13
14
15
16
17
18
19
20
21
22
23
24
25
26
27
28
29
NULL
NULL
NULL
NULL
NULL
NULL
NULL
NULL
NULL
NULL
NULL
NULL
NULL
NULL
NULL
NULL
NULL
NULL
NULL
NULL
NULL
NULL
NULL
NULL
NULL
NULL
NULL
NULL
NULL
NULL
SELECT COUNT(*) FROM t22;
COUNT(*)
60
TRUNCATE t22;
DROP DATABASE mcs287_db;
